fecha,score,dias_mora,saldo_pasivo,tarjetas_vigentes,operaciones_vigentes,vive_con_familiares,relacion_laboral,calificacion_buro
2025-09-30,740,1,913.25,3,2,Sí,Dependiente,C
2025-10-31,724,5,922.89,3,2,Sí,Dependiente,C
2025-11-30,722,7,905.1,3,2,Sí,Dependiente,C
2025-12-31,697,12,875.25,3,2,Sí,Dependiente,C
2026-01-31,700,14,817.93,3,2,Sí,Dependiente,C
2026-02-28,690,17,801.58,3,2,Sí,Dependiente,C
2026-03-31,683,22,796.3,3,2,Sí,Dependiente,C
2026-04-30,662,23,759.73,3,2,Sí,Dependiente,C
2026-05-31,661,24,732.54,3,2,Sí,Dependiente,C
2026-06-30,658,31,730.27,3,2,Sí,Dependiente,C
2026-07-31,646,31,713.16,2,2,Sí,Dependiente,C
2026-08-31,629,37,705.7,2,2,Sí,Dependiente,C
