fecha,score,dias_mora,saldo_pasivo,tarjetas_vigentes,operaciones_vigentes,vive_con_familiares,sector,calificacion_buro
2025-09-30,738,6,913.24,3,2,Sí,FARMACÉUTICO,B
2025-10-31,733,9,871.03,3,2,Sí,FARMACÉUTICO,B
2025-11-30,718,12,831.01,3,2,Sí,FARMACÉUTICO,B
2025-12-31,697,19,796.5,3,2,Sí,FARMACÉUTICO,B
2026-01-31,672,23,733.78,3,2,Sí,FARMACÉUTICO,B
2026-02-28,664,26,744.34,3,2,Sí,FARMACÉUTICO,B
2026-03-31,656,26,694.37,3,2,Sí,FARMACÉUTICO,B
2026-04-30,641,30,704.86,3,2,Sí,FARMACÉUTICO,B
2026-05-31,634,33,650.37,3,2,Sí,FARMACÉUTICO,B
2026-06-30,622,40,626.2,3,2,Sí,FARMACÉUTICO,B
2026-07-31,605,40,621.48,2,2,Sí,FARMACÉUTICO,B
2026-08-31,602,43,612.86,2,2,Sí,FARMACÉUTICO,B
